,message,readability,hallucination,omission,efficacy
0,"Gentile Riccardo Recalchi,

sono Davide Morra, co-founder di Volcanic Minds, una società specializzata in soluzioni IT su misura di alta qualità e con design ben curati, di cui siamo molto orgogliosi.

Ho notato con interesse che Synesthesia condivide con noi, non solo la sede in Piemonte, ma anche un’attenzione particolare alla qualità e una propensione all’innovazione tecnologica che si riflette in un portafoglio clienti di alto profilo. La vostra expertise in ambiti quali lo sviluppo, il cloud, le infrastrutture e la cyber security, unita alla nostra competenza in soluzioni IT personalizzate, potrebbe tradursi in una sinergia strategica vantaggiosa per entrambe le nostre aziende.

Abbiamo una forte esperienza nella creazione di piattaforme per la gestione di servizi come teleconsulti, videoconsulti, sistemi di fatturazione specifici per professionisti e pazienti, la definizione di percorsi terapeutici tramite calendari ed email transazionali e altre caratteristiche proprie di un sistema ambizioso di questo tipo. Credo che questi siano, anche per Synesthesia, punti importanti e strategici.

Inoltre, ci distinguiamo, perché utilizziamo tecnologie all'avanguardia per garantire un approccio future-proof.

Spero che possa nascere l’interesse per una possibile collaborazione. Nel caso, potremmo organizzare un incontro la prossima settimana. Potete scegliere un orario comodo dal mio calendario <https://calendly.com/davide-morra/booking>.

Cordiali saluti,
Davide Morra",,,,
